{"cameraMode":{"drawMode":0,"name":"Shaded","section":"Shading Mode"},"sceneLighting":true,"audioPlay":false,"sceneViewState":{"m_AlwaysRefresh":false,"showFog":true,"showSkybox":true,"showFlares":true,"showImageEffects":true,"showParticleSystems":true,"showVisualEffectGraphs":true,"m_FxEnabled":true},"in2DMode":false,"pivot":{"x":-0.4631071090698242,"y":-1.1965808868408204,"z":12.12312126159668},"rotation":{"x":-0.001698691281490028,"y":0.9841626286506653,"z":-0.17705528438091279,"w":-0.009450598619878292},"size":18.662979125976564,"orthographic":false}